Player_Name,DOB,Batting_Hand,Bowling_Skill,Country,Unnamed:_5,Age,Age_Group,Role,Experience,Batting_Rating,Bowling_Rating,Fielding_Rating,Fitness,Overall_Rating
A Ashish Reddy,1991-02-24,Right Hand,Right-Arm Medium,India,,34.0,31-35,Bowler,64,47,77,62,75,62.85
A Chandila,1983-12-05,Right Hand,Right-Arm Offbreak,India,,42.0,40+,Bowler,96,45,78,89,60,69.0
A Chopra,1977-09-19,Right Hand,Right-Arm Offbreak,India,,48.0,40+,Bowler,100,39,77,86,84,67.7
A Choudhary,,Right Hand,Left-Arm Fast-Medium,Unknown,,39.0,36-40,Bowler,84,31,92,60,76,64.25
A Dananjaya,,Right Hand,Right-Arm Offbreak,Unknown,,39.0,36-40,All-Rounder,84,81,82,92,79,83.2
A Flintoff,1977-12-06,Right Hand,Right-Arm Fast-Medium,England,,48.0,40+,Bowler,100,42,79,68,66,65.85
A Hales,,Right Hand,Unknown,Unknown,,39.0,36-40,Wicket Keeper,84,77,28,97,82,63.8
A Joseph,,Right Hand,Right-Arm Fast,Unknown,,39.0,36-40,Bowler,84,41,78,85,68,66.2
A Kumble,2070-10-17,Right Hand,Legbreak Googly,India,,39.0,36-40,Bowler,84,42,95,63,77,69.65
A Mishra,1982-11-24,Right Hand,Legbreak,India,,43.0,40+,Bowler,100,44,87,64,75,69.2
A Mithun,1989-10-25,Right Hand,Right-Arm Medium,India,,36.0,36-40,Bowler,72,64,92,76,79,77.15
A Mukund,1990-01-06,Right Hand,Legbreak Googly,India,,35.0,31-35,Bowler,68,47,88,83,74,70.2
A Nehra,1979-04-29,Right Hand,Left-Arm Medium-Fast,India,,46.0,40+,All-Rounder,100,73,79,73,85,78.4
A Nel,1977-07-15,Right Hand,Right-Arm Fast-Medium,South Africa,,48.0,40+,Bowler,100,32,95,72,77,69.1
A Roy,,Left Hand,Slow Left-Arm Orthodox,Unknown,,39.0,36-40,Bowler,84,56,89,69,85,73.75
A Singh,1981-06-21,Right Hand,Right-Arm Medium-Fast,India,,44.0,40+,Bowler,100,58,82,78,64,73.9
A Symonds,2075-06-09,Right Hand,Right-Arm Offbreak,Australia,,39.0,36-40,Bowler,84,32,83,72,85,63.7
A Turner,,Right Hand,Unknown,Unknown,,39.0,36-40,Wicket Keeper,84,74,36,92,80,64.7
A Uniyal,1981-11-21,Right Hand,Left-Arm Medium,India,,44.0,40+,Bowler,100,31,82,68,84,63.95
A Zampa,1992-03-31,Right Hand,Legbreak Googly,Australia,,33.0,31-35,Bowler,60,47,93,86,81,71.95
Aa Bilakhia,1986-05-31,Right Hand,Right-Arm Medium,India,,39.0,36-40,Bowler,84,41,85,70,70,66.5
Aa Chavan,1985-10-28,Right Hand,Slow Left-Arm Orthodox,India,,40.0,36-40,Bowler,88,42,77,78,76,65.95
Aa Jhunjhunwala,1982-12-01,Right Hand,Right-Arm Offbreak,India,,43.0,40+,Bowler,100,46,82,79,73,70.3
Aa Kazi,1989-09-29,Right Hand,Slow Left-Arm Orthodox,India,,36.0,36-40,All-Rounder,72,86,77,90,73,81.4
Aa Noffke,1977-04-30,Right Hand,Right-Arm Fast-Medium,Australia,,48.0,40+,All-Rounder,100,81,88,74,82,84.35
Ab Agarkar,1977-12-04,Right Hand,Right-Arm Fast,India,,48.0,40+,All-Rounder,100,73,90,76,69,81.9
Ab Barath,1990-04-14,Left Hand,Right-Arm Offbreak,India,,35.0,31-35,Bowler,68,39,81,63,81,62.3
Ab De Villiers,1984-02-17,Right Hand,Right-Arm Medium,South Africa,,41.0,40+,Bowler,92,46,79,86,62,68.95
Ab Dinda,1984-03-25,Right Hand,Right-Arm Medium-Fast,India,,41.0,40+,Bowler,92,51,92,60,69,71.7
Ab Mcdonald,1981-06-05,Right Hand,Right-Arm Fast-Medium,Australia,,44.0,40+,All-Rounder,100,67,73,80,84,75.2
Abdur Razzak,1982-06-15,Left Hand,Slow Left-Arm Orthodox,Bangladesh,,43.0,40+,Bowler,100,52,90,83,63,75.3
Ac Blizzard,1984-06-27,Left Hand,Left-Arm Medium,Australia,,41.0,40+,Bowler,92,43,80,86,60,68.15
Ac Gilchrist,2071-11-14,Left Hand,Right-Arm Offbreak,Australia,,39.0,36-40,Bowler,84,60,78,61,71,69.4
Ac Thomas,1977-02-09,Right Hand,Right-Arm Fast-Medium,England,,48.0,40+,Bowler,100,64,94,87,70,81.85
Ac Voges,1979-10-04,Right Hand,Slow Left-Arm Orthodox,Australia,,46.0,40+,All-Rounder,100,66,90,86,81,81.55
Ad Mascarenhas,1977-10-30,Right Hand,Right-Arm Fast-Medium,England,,48.0,40+,All-Rounder,100,86,66,80,75,78.95
Ad Mathews,1987-06-02,Right Hand,Right-Arm Fast-Medium,Sri Lanka,,38.0,36-40,All-Rounder,80,66,66,84,72,70.4
Ad Nath,1993-05-10,Right Hand,Right-Arm Medium-Fast,India,,32.0,31-35,Bowler,56,46,89,69,84,67.4
Ad Russell,1988-04-29,Right Hand,Right-Arm Fast,West Indies,,37.0,36-40,Bowler,76,58,79,66,85,69.7
Af Milne,1992-04-13,Right Hand,Right-Arm Fast,New Zealand,,33.0,31-35,Bowler,60,33,92,82,79,66.0
Ag Murtaza,1990-01-01,Left Hand,Slow Left-Arm Orthodox,India,,35.0,31-35,Bowler,68,33,77,65,89,59.5
Ag Paunikar,1988-04-18,Right Hand,Unknown,India,,37.0,36-40,Wicket Keeper,76,88,29,96,66,66.25
Aj Finch,1986-11-17,Right Hand,Slow Left-Arm Orthodox,Australia,,39.0,36-40,All-Rounder,84,88,80,71,66,81.15
Aj Tye,,Right Hand,Right-Arm Fast-Medium,Unknown,,39.0,36-40,Bowler,84,51,90,60,74,70.45
Al Menaria,1990-10-29,Left Hand,Slow Left-Arm Orthodox,India,,35.0,31-35,Bowler,68,47,77,78,72,65.5
Am Nayar,1983-10-08,Left Hand,Right-Arm Medium,India,,42.0,40+,Bowler,96,56,93,85,73,78.15
Am Rahane,1988-06-06,Right Hand,Right-Arm Medium,India,,37.0,36-40,Bowler,76,63,92,62,67,74.5
Am Salvi,1981-10-20,Right Hand,Right-Arm Medium,India,,44.0,40+,All-Rounder,100,69,80,81,84,78.5
An Ahmed,1988-11-05,Right Hand,Right-Arm Medium-Fast,India,,37.0,36-40,Bowler,76,52,86,63,76,69.15
An Ghosh,1986-10-19,Right Hand,Right-Arm Medium,India,,39.0,36-40,Bowler,84,60,85,69,61,72.55
Anand Rajan,1987-04-17,Right Hand,Right-Arm Medium,India,,38.0,36-40,Bowler,80,62,80,84,76,74.1
Anirudh Singh,1980-08-02,Left Hand,Right-Arm Medium,India,,45.0,40+,Bowler,100,47,78,68,73,67.6
Ankit Sharma,1991-04-20,Left Hand,Slow Left-Arm Orthodox,India,,34.0,31-35,All-Rounder,64,87,78,70,90,79.15
Ankit Soni,,Right Hand,Legbreak,Unknown,,39.0,36-40,All-Rounder,84,68,90,74,84,79.0
Anureet Singh,1988-03-02,Right Hand,Right-Arm Medium,India,,37.0,36-40,Bowler,76,63,80,74,62,71.85
Ap Dole,1987-10-09,Right Hand,Right-Arm Medium-Fast,India,,38.0,36-40,Bowler,80,43,76,76,74,64.75
Ap Majumdar,1984-04-30,Right Hand,Legbreak Googly,India,,41.0,40+,Bowler,92,30,79,67,75,61.15
Ap Tare,1987-11-07,Right Hand,Unknown,India,,38.0,36-40,Wicket Keeper,80,82,19,93,74,61.0
Ar Bawne,,Right Hand,Unknown,Unknown,,39.0,36-40,Wicket Keeper,84,84,16,94,82,61.6
Ar Patel,1994-01-20,Left Hand,Slow Left-Arm Orthodox,India,,31.0,31-35,Bowler,52,30,81,90,86,61.85
As Rajpoot,1993-12-04,Right Hand,Right-Arm Medium,India,,32.0,31-35,Bowler,56,63,75,63,84,67.55
As Raut,1987-03-03,Right Hand,Legbreak Googly,India,,38.0,36-40,All-Rounder,80,76,85,79,76,80.0
As Yadav,,Right Hand,Unknown,Unknown,,39.0,36-40,Wicket Keeper,84,89,43,89,73,71.6
At Rayudu,1985-09-23,Right Hand,Right-Arm Offbreak,India,,40.0,36-40,Bowler,88,33,85,88,79,67.25
Auk Pathan,1984-06-17,Right Hand,Right-Arm Medium,India,,41.0,40+,Bowler,92,62,75,78,66,72.15
Av Wankhade,1992-03-14,Right Hand,Unknown,India,,33.0,31-35,Wicket Keeper,60,70,11,96,73,52.4
Avesh Khan,,Right Hand,Right-Arm Fast-Medium,Unknown,,39.0,36-40,Bowler,84,41,87,80,73,68.85
Azhar Mahmood,2075-02-28,Right Hand,Right-Arm Fast-Medium,Pakistan,,39.0,36-40,Bowler,84,60,90,85,72,77.25
B Akhil,1977-10-07,Right Hand,Right-Arm Medium-Fast,India,,48.0,40+,All-Rounder,100,80,67,89,72,78.4
B Aparajith,1994-07-08,Right Hand,Right-Arm Offbreak,India,,31.0,31-35,All-Rounder,52,71,81,92,87,76.55
B Chipli,1983-01-27,Right Hand,Right-Arm Medium,India,,42.0,40+,Bowler,96,65,94,63,72,78.3
B Geeves,1982-06-13,Right Hand,Right-Arm Fast-Medium,Australia,,43.0,40+,Bowler,100,55,81,69,62,71.05
B Kumar,1990-02-05,Right Hand,Right-Arm Medium,India,,35.0,31-35,Bowler,68,36,89,63,76,63.8
B Laughlin,1982-10-03,Right Hand,Right-Arm Fast-Medium,Australia,,43.0,40+,Bowler,100,46,84,89,66,72.15
B Lee,1976-11-08,Right Hand,Right-Arm Fast,Australia,,49.0,40+,Bowler,100,56,90,84,65,76.95
B Stanlake,,Right Hand,Right-Arm Fast,Unknown,,39.0,36-40,Bowler,84,33,84,71,81,64.05
B Sumanth,1988-05-10,Right Hand,Right-Arm Medium-Fast,India,,37.0,36-40,All-Rounder,76,71,80,89,82,77.9
Ba Bhatt,1990-05-13,Left Hand,Slow Left-Arm Orthodox,India,,35.0,31-35,Bowler,68,50,94,82,83,73.65
Ba Stokes,,Left Hand,Right-Arm Fast-Medium,Unknown,,39.0,36-40,Bowler,84,61,96,80,70,78.85
Basil Thampi,,Right Hand,Right-Arm Fast,Unknown,,39.0,36-40,All-Rounder,84,67,84,88,81,78.5
Baw Mendis,1985-03-11,Right Hand,Right-Arm Offbreak,Sri Lanka,,40.0,36-40,Bowler,88,51,76,89,83,70.75
Bb Mccullum,1981-09-27,Right Hand,Right-Arm Medium,New Zealand,,44.0,40+,Bowler,100,48,92,90,75,76.25
Bb Samantray,1988-12-14,Right Hand,Unknown,India,,37.0,36-40,Wicket Keeper,76,74,40,84,74,63.8
Bb Sran,1992-12-10,Left Hand,Left-Arm Medium,India,,33.0,31-35,Bowler,60,61,94,90,72,77.35
Bcj Cutting,1987-01-30,Right Hand,Right-Arm Fast-Medium,Australia,,38.0,36-40,All-Rounder,80,85,71,70,60,76.1
Be Hendricks,1990-06-08,Left Hand,Left-Arm Fast-Medium,South Africa,,35.0,31-35,Bowler,68,52,77,86,75,68.6
Bipul Sharma,1983-09-28,Left Hand,Slow Left-Arm Orthodox,India,,42.0,40+,Bowler,96,56,86,61,62,71.55
Bj Haddin,1977-10-23,Right Hand,Unknown,Australia,,48.0,40+,Wicket Keeper,100,72,39,82,72,64.75
Bj Hodge,2074-12-29,Right Hand,Right-Arm Offbreak,Australia,,39.0,36-40,Bowler,84,41,76,75,74,64.3
Bj Rohrer,1981-03-26,Left Hand,Right-Arm Offbreak,Australia,,44.0,40+,All-Rounder,100,66,69,91,66,74.2
Bmaj Mendis,1983-01-15,Left Hand,Right-Arm Offbreak,Sri Lanka,,42.0,40+,Bowler,96,51,81,63,74,68.95
Br Dunk,1987-03-11,Left Hand,Right-Arm Fast,Australia,,38.0,36-40,Bowler,80,49,92,61,63,69.65
Bw Hilfenhaus,1983-03-15,Right Hand,Right-Arm Fast,Australia,,42.0,40+,Bowler,96,64,84,88,74,78.3
C De Grandhomme,,Right Hand,Legbreak,Unknown,,39.0,36-40,Bowler,84,30,82,71,82,62.35
C Ganapathy,1981-06-10,Right Hand,Right-Arm Medium,India,,44.0,40+,Bowler,100,53,80,86,81,73.5
C Ingram,,Left Hand,Right-Arm Fast-Medium,Unknown,,39.0,36-40,Bowler,84,60,77,77,77,71.75
C Madan,1982-10-15,Right Hand,Unknown,India,,43.0,40+,Wicket Keeper,100,85,43,94,78,72.8
C Munro,1987-03-11,Left Hand,Right-Arm Medium-Fast,New Zealand,,38.0,36-40,All-Rounder,80,78,76,83,69,77.8
C Nanda,1979-03-29,Right Hand,Legbreak,India,,46.0,40+,Bowler,100,46,81,85,84,71.4
Ca Ingram,1985-07-03,Left Hand,Legbreak,South Africa,,40.0,36-40,Bowler,88,39,76,85,62,64.9
Ca Lynn,1990-04-10,Right Hand,Slow Left-Arm Orthodox,Australia,,35.0,31-35,All-Rounder,68,78,77,83,82,77.6
Ca Pujara,1988-01-25,Right Hand,Legbreak,India,,37.0,36-40,All-Rounder,76,80,70,79,85,76.2
Ch Gayle,1979-09-21,Left Hand,Right-Arm Offbreak,West Indies,,46.0,40+,Bowler,100,53,95,83,85,78.5
Ch Morris,1987-04-30,Right Hand,Right-Arm Fast-Medium,South Africa,,38.0,36-40,Bowler,80,47,92,68,76,70.65
Cj Anderson,1990-12-13,Left Hand,Left-Arm Medium-Fast,New Zealand,,35.0,31-35,Bowler,68,62,77,71,87,70.45
Cj Ferguson,1984-11-21,Right Hand,Right-Arm Medium,Australia,,41.0,40+,Bowler,92,65,76,61,82,71.8
Cj Jordan,1988-10-04,Right Hand,Right-Arm Fast-Medium,England,,37.0,36-40,Bowler,76,51,90,77,71,72.05
Cj Mckay,1983-02-20,Right Hand,Right-Arm Fast-Medium,Australia,,42.0,40+,Bowler,96,33,89,73,61,66.3
Ck Kapugedera,1987-02-24,Right Hand,Right-Arm Medium,Sri Lanka,,38.0,36-40,All-Rounder,80,88,79,71,77,80.95
Ck Langeveldt,2074-12-17,Right Hand,Right-Arm Fast-Medium,England,,39.0,36-40,All-Rounder,84,65,67,88,71,71.35
Cl White,1983-08-18,Right Hand,Legbreak Googly,Australia,,42.0,40+,All-Rounder,96,73,82,82,60,79.15
Cm Gautam,1986-03-08,Right Hand,Unknown,India,,39.0,36-40,Wicket Keeper,84,82,17,94,69,60.6
Cr Brathwaite,1988-07-18,Right Hand,Right-Arm Fast-Medium,West Indies,,37.0,36-40,Bowler,76,31,80,62,81,59.8
Cr Woakes,,Right Hand,Right-Arm Fast-Medium,Unknown,,39.0,36-40,Bowler,84,36,92,90,83,70.85
Crd Fernando,1979-07-19,Right Hand,Right-Arm Fast-Medium,Sri Lanka,,46.0,40+,Bowler,100,40,79,60,69,64.1
D Du Preez,1981-11-08,Right Hand,Right-Arm Fast-Medium,South Africa,,44.0,40+,Bowler,100,57,95,64,73,76.45
D Kalyankrishna,1983-12-16,Right Hand,Right-Arm Medium-Fast,India,,42.0,40+,Bowler,96,31,88,79,68,66.5
D Salunkhe,1982-11-12,Right Hand,Legbreak,India,,43.0,40+,Bowler,100,53,90,65,62,72.9
D Shorey,,Right Hand,Unknown,Unknown,,39.0,36-40,Wicket Keeper,84,81,24,97,68,63.1
D Short,,Left Hand,Slow Left-Arm Orthodox,Unknown,,39.0,36-40,All-Rounder,84,86,75,75,65,79.25
D Wiese,1985-05-18,Right Hand,Right-Arm Medium-Fast,South Africa,,40.0,36-40,Bowler,88,59,77,74,66,70.8
D Willey,,Right Hand,Left-Arm Fast-Medium,Unknown,,39.0,36-40,Bowler,84,52,93,62,70,71.95
Da Miller,1989-06-10,Left Hand,Right-Arm Offbreak,South Africa,,36.0,36-40,Bowler,72,65,82,64,84,72.45
Da Warner,1986-10-27,Left Hand,Legbreak,Australia,,39.0,36-40,Bowler,84,61,87,81,68,75.75
Daj Bracewell,1990-09-28,Right Hand,Right-Arm Fast-Medium,New Zealand,,35.0,31-35,Bowler,68,52,75,90,90,69.25
Db Das,1986-09-22,Right Hand,Legbreak Googly,India,,39.0,36-40,Bowler,84,63,88,90,64,77.95
Db Ravi Teja,1987-09-05,Right Hand,Legbreak Googly,India,,38.0,36-40,Bowler,80,32,76,68,68,59.4
De Bollinger,1981-07-24,Left Hand,Left-Arm Fast-Medium,Australia,,44.0,40+,Bowler,100,61,77,68,76,72.3
Dh Yagnik,1983-06-22,Left Hand,Unknown,India,,42.0,40+,Wicket Keeper,96,77,42,90,65,68.0
Dj Bravo,1983-10-07,Right Hand,Right-Arm Medium-Fast,West Indies,,42.0,40+,Bowler,96,53,81,68,66,70.0
Dj Harris,1979-12-31,Right Hand,Right-Arm Medium,Australia,,46.0,40+,Bowler,100,43,76,69,70,65.5
Dj Hooda,1995-04-19,Right Hand,Right-Arm Offbreak,India,,30.0,26-30,All-Rounder,48,76,68,79,82,71.15
Dj Hussey,1977-07-15,Right Hand,Right-Arm Offbreak,Australia,,48.0,40+,All-Rounder,100,85,80,73,66,82.0
Dj Jacobs,1982-11-04,Right Hand,Right-Arm Medium,South Africa,,43.0,40+,All-Rounder,100,86,69,80,66,79.55
Dj Muthuswami,1981-03-09,Right Hand,Right-Arm Medium,India,,44.0,40+,All-Rounder,100,80,68,93,63,78.9
Dj Thornely,1978-10-01,Right Hand,Right-Arm Medium,Australia,,47.0,40+,Bowler,100,41,80,73,71,66.85
Djg Sammy,1983-12-20,Right Hand,Right-Arm Medium-Fast,West Indies,,42.0,40+,Bowler,96,41,81,64,78,65.8
Dl Chahar,1992-08-07,Right Hand,Right-Arm Medium,India,,33.0,31-35,All-Rounder,60,80,85,81,74,79.6
Dl Vettori,1979-01-27,Left Hand,Slow Left-Arm Orthodox,New Zealand,,46.0,40+,All-Rounder,100,72,82,75,80,79.15
Dm Bravo,,Left Hand,Unknown,Unknown,,39.0,36-40,Wicket Keeper,84,74,32,85,76,62.05
Dnt Zoysa,1978-05-13,Left Hand,Left-Arm Fast-Medium,Sri Lanka,,47.0,40+,Bowler,100,61,94,65,63,77.15
Dp Nannes,1976-05-16,Right Hand,Left-Arm Fast,Australia,,49.0,40+,Bowler,100,54,76,83,74,71.65
Dp Vijaykumar,1986-10-20,Right Hand,Right-Arm Medium,India,,39.0,36-40,Bowler,84,53,92,75,84,74.6
Dpmd Jayawardene,1977-05-27,Right Hand,Right-Arm Medium,Sri Lanka,,48.0,40+,Bowler,100,35,93,65,64,67.75
Dr Martyn,2071-10-21,Right Hand,Right-Arm Medium,Australia,,39.0,36-40,Bowler,84,61,95,66,84,77.1
Dr Smith,1983-04-12,Right Hand,Right-Arm Medium,West Indies,,42.0,40+,Bowler,96,65,85,87,79,79.1
Ds Kulkarni,1988-12-10,Right Hand,Right-Arm Medium,India,,37.0,36-40,Bowler,76,65,96,70,61,77.5
Ds Lehmann,2070-02-05,Left Hand,Slow Left-Arm Orthodox,Australia,,39.0,36-40,Bowler,84,58,94,84,80,78.2
Dt Christian,1983-05-04,Right Hand,Right-Arm Fast-Medium,Australia,,42.0,40+,Bowler,96,64,94,67,82,79.05
Dt Patil,1984-12-06,Right Hand,Unknown,India,,41.0,40+,Wicket Keeper,92,75,29,80,84,61.8
Dw Steyn,1983-06-27,Right Hand,Right-Arm Fast,South Africa,,42.0,40+,Bowler,96,62,84,81,67,76.2
E Lewis,,Left Hand,Unknown,Unknown,,39.0,36-40,Wicket Keeper,84,77,45,82,60,66.4
Ejg Morgan,1986-09-10,Left Hand,Right-Arm Medium,England,,39.0,36-40,All-Rounder,84,79,80,70,69,78.0
Er Dwivedi,1988-07-22,Right Hand,Unknown,India,,37.0,36-40,Wicket Keeper,76,79,32,88,73,63.3
F Behardien,1983-10-09,Right Hand,Right-Arm Fast-Medium,South Africa,,42.0,40+,Bowler,96,57,83,70,77,72.95
F Du Plessis,1984-07-13,Right Hand,Legbreak,South Africa,,41.0,40+,All-Rounder,92,87,70,85,77,80.75
Fh Edwards,1982-02-06,Right Hand,Right-Arm Fast,West Indies,,43.0,40+,Bowler,100,34,87,77,60,66.9
Fy Fazal,1985-09-07,Left Hand,Right-Arm Medium,India,,40.0,36-40,Bowler,88,38,90,79,64,68.65
G Gambhir,1981-10-14,Left Hand,Legbreak,India,,44.0,40+,Bowler,100,48,77,87,79,70.75
Gagandeep Singh,1981-10-03,Right Hand,Right-Arm Medium-Fast,India,,44.0,40+,Bowler,100,30,89,61,75,64.55
Gb Hogg,2071-02-06,Left Hand,Slow Left-Arm Chinaman,Australia,,39.0,36-40,Bowler,84,50,79,84,62,69.25
Gc Smith,1981-02-01,Left Hand,Right-Arm Offbreak,South Africa,,44.0,40+,Bowler,100,47,76,82,76,69.15
Gd Mcgrath,2070-02-09,Right Hand,Right-Arm Fast-Medium,Australia,,39.0,36-40,Bowler,84,43,96,90,64,73.75
Gh Vihari,1993-10-13,Right Hand,Right-Arm Offbreak,India,,32.0,31-35,All-Rounder,56,87,83,71,92,80.35
Gj Bailey,1982-09-07,Right Hand,Right-Arm Medium,Australia,,43.0,40+,Bowler,100,30,91,67,81,66.45
Gj Maxwell,1988-10-14,Right Hand,Right-Arm Offbreak,Australia,,37.0,36-40,All-Rounder,76,67,66,70,83,68.8
Gr Napier,1980-01-06,Right Hand,Right-Arm Medium,England,,45.0,40+,All-Rounder,100,74,79,82,63,79.0
Gs Sandhu,1993-06-14,Left Hand,Right-Arm Fast-Medium,Australia,,32.0,31-35,Bowler,56,63,88,71,91,73.65
Gurkeerat Singh,1990-06-29,Right Hand,Right-Arm Offbreak,India,,35.0,31-35,Bowler,68,64,93,72,89,77.0
H Brar,,Left Hand,Slow Left-Arm Orthodox,Unknown,,39.0,36-40,Bowler,84,65,80,84,66,75.05
H Das,1986-12-10,Right Hand,Unknown,India,,39.0,36-40,Wicket Keeper,84,87,38,98,78,70.75
H Gurney,,Right Hand,Right-Arm Fast-Medium,Unknown,,39.0,36-40,All-Rounder,84,71,65,92,75,73.55
H Klaasen,,Right Hand,Unknown,Unknown,,39.0,36-40,Wicket Keeper,84,79,41,95,61,67.7
H Vihari,,Right Hand,Right-Arm Offbreak,Unknown,,39.0,36-40,Bowler,84,44,79,76,66,66.15
H Viljoen,,Right Hand,Right-Arm Fast,Unknown,,39.0,36-40,Bowler,84,34,85,68,61,63.3
Harbhajan Singh,1980-07-03,Right Hand,Right-Arm Offbreak,India,,45.0,40+,Bowler,100,39,77,61,78,63.65
Harmeet Singh,1992-09-07,Left Hand,Slow Left-Arm Orthodox,India,,33.0,31-35,Bowler,60,62,77,60,77,67.5
Harmeet Singh (2),,Right Hand,Right-Arm Fast-Medium,Unknown,,39.0,36-40,Bowler,84,57,78,90,74,72.85
Harpreet Singh,1991-08-11,Left Hand,Right-Arm Medium,India,,34.0,31-35,All-Rounder,64,65,87,89,90,77.45
Hh Gibbs,2074-02-23,Right Hand,Right-Arm Bowler,South Africa,,39.0,36-40,Batter,84,85,41,79,63,67.5
Hh Pandya,1993-10-11,Right Hand,Right-Arm Medium-Fast,India,,32.0,31-35,Bowler,56,57,81,88,95,71.85
Hm Amla,1983-03-31,Right Hand,Right-Arm Offbreak,South Africa,,42.0,40+,All-Rounder,96,80,86,82,79,83.95
Hv Patel,1990-11-23,Right Hand,Right-Arm Medium,India,,35.0,31-35,Bowler,68,44,79,88,84,67.25
I Malhotra,1984-05-23,Right Hand,Right-Arm Medium-Fast,India,,41.0,40+,All-Rounder,92,70,78,73,79,75.9
I Sharma,1988-09-02,Right Hand,Right-Arm Fast-Medium,India,,37.0,36-40,All-Rounder,76,78,66,82,64,73.5
I Sodhi,,Right Hand,Legbreak Googly,Unknown,,39.0,36-40,Bowler,84,50,85,72,63,69.6
Ic Pandey,1989-08-15,Right Hand,Right-Arm Medium,India,,36.0,36-40,Bowler,72,44,94,63,86,69.25
Ik Pathan,1984-10-27,Left Hand,Left-Arm Medium-Fast,India,,41.0,40+,Bowler,92,50,76,72,68,67.5
Imran Tahir,1979-03-27,Right Hand,Legbreak Googly,India,,46.0,40+,Bowler,100,44,84,69,85,69.4
Iqbal Abdulla,1989-12-02,Left Hand,Slow Left-Arm Orthodox,India,,36.0,36-40,All-Rounder,72,85,67,94,83,78.65
Ir Jaggi,1989-01-27,Right Hand,Legbreak Googly,India,,36.0,36-40,Bowler,72,30,86,82,76,63.9
Ishan Kishan,1998-07-18,Left Hand,Unknown,India,,27.0,26-30,Wicket Keeper,36,87,39,95,93,66.6
J Archer,,Right Hand,Right-Arm Fast,Unknown,,39.0,36-40,Bowler,84,35,92,71,63,66.65
J Arunkumar,2075-01-18,Right Hand,Right-Arm Offbreak,India,,39.0,36-40,Bowler,84,57,95,79,63,76.6
J Bairstow,,Right Hand,Unknown,Unknown,,39.0,36-40,Wicket Keeper,84,74,43,80,70,64.85
J Behrendorff,,Right Hand,Left-Arm Fast-Medium,Unknown,,39.0,36-40,All-Rounder,84,83,84,77,81,82.45
J Botha,1982-05-02,Right Hand,Right-Arm Offbreak,South Africa,,43.0,40+,All-Rounder,100,84,80,80,81,83.45
J Dala,,Unknown,Right-Arm Medium,Unknown,,39.0,36-40,Bowler,84,62,88,76,63,75.45
J Denly,,Right Hand,Unknown,Unknown,,39.0,36-40,Wicket Keeper,84,79,17,81,66,57.45
J Searles,,Right Hand,Right-Arm Fast-Medium,Unknown,,39.0,36-40,All-Rounder,84,88,88,75,76,85.05
J Suchith,1994-01-16,Left Hand,Slow Left-Arm Orthodox,India,,31.0,31-35,All-Rounder,52,69,84,88,88,76.35
J Syed Mohammad,1983-06-03,Left Hand,Slow Left-Arm Orthodox,India,,42.0,40+,Bowler,96,31,86,79,66,65.7
J Theron,1985-07-24,Right Hand,Right-Arm Medium-Fast,South Africa,,40.0,36-40,Bowler,88,53,75,60,68,66.0
J Yadav,1990-01-22,Right Hand,Right-Arm Offbreak,India,,35.0,31-35,Bowler,68,64,87,88,83,77.0
Ja Morkel,1981-06-10,Left Hand,Right-Arm Medium-Fast,South Africa,,44.0,40+,Bowler,100,32,79,67,85,63.15
Jaskaran Singh,1989-09-04,Right Hand,Right-Arm Medium,India,,36.0,36-40,Bowler,72,65,83,61,81,72.2
Jc Buttler,1990-09-08,Right Hand,Unknown,England,,35.0,31-35,Wicket Keeper,68,85,22,91,87,62.25
Jd Ryder,1984-08-06,Left Hand,Right-Arm Medium,New Zealand,,41.0,40+,All-Rounder,92,71,88,78,67,79.9
Jd Unadkat,1991-10-18,Right Hand,Left-Arm Medium,India,,34.0,31-35,Bowler,64,54,96,68,81,73.15
Jdp Oram,1978-07-28,Left Hand,Right-Arm Fast-Medium,New Zealand,,47.0,40+,Bowler,100,47,90,83,81,74.45
Jds Neesham,1990-09-17,Left Hand,Right-Arm Medium,New Zealand,,35.0,31-35,Bowler,68,38,92,85,87,69.4
Je Taylor,1984-06-22,Right Hand,Right-Arm Fast,New Zealand,,41.0,40+,All-Rounder,92,66,82,79,67,76.2
Jec Franklin,1980-11-07,Left Hand,Left-Arm Medium,New Zealand,,45.0,40+,Bowler,100,64,94,86,74,81.9
Jh Kallis,2075-10-16,Right Hand,Right-Arm Fast-Medium,South Africa,,39.0,36-40,Bowler,84,39,83,76,76,66.3
Jj Bumrah,1993-12-06,Right Hand,Right-Arm Medium,India,,32.0,31-35,All-Rounder,56,80,83,79,83,78.65
Jj Roy,,Right Hand,Unknown,Unknown,,39.0,36-40,Wicket Keeper,84,87,33,88,66,66.9
Jj Van Der Wath,1978-01-10,Right Hand,Right-Arm Medium-Fast,South Africa,,47.0,40+,All-Rounder,100,68,76,88,81,77.65
Jm Kemp,1977-10-02,Right Hand,Right-Arm Fast-Medium,South Africa,,48.0,40+,Bowler,100,61,96,82,84,81.45
Jo Holder,1991-11-05,Right Hand,Right-Arm Medium-Fast,West Indies,,34.0,31-35,Bowler,64,64,83,67,80,71.9
Joginder Sharma,1983-10-23,Right Hand,Right-Arm Fast-Medium,India,,42.0,40+,All-Rounder,96,66,90,79,68,79.45
Jp Duminy,1984-04-14,Left Hand,Right-Arm Offbreak,South Africa,,41.0,40+,Bowler,92,40,83,83,61,67.75
Jp Faulkner,1990-04-29,Right Hand,Left-Arm Fast-Medium,Australia,,35.0,31-35,Bowler,68,62,95,78,72,77.05
Jr Hopes,1978-10-24,Right Hand,Right-Arm Medium,Australia,,47.0,40+,Bowler,100,51,75,81,60,69.25
Jw Hastings,1985-11-04,Right Hand,Right-Arm Fast-Medium,Australia,,40.0,36-40,Bowler,88,45,95,71,84,72.65
K Ahmed,,Right Hand,Left-Arm Fast-Medium,Unknown,,39.0,36-40,Bowler,84,46,85,68,73,68.1
K Goel,1986-12-24,Left Hand,Right-Arm Offbreak,India,,39.0,36-40,Bowler,84,32,90,73,69,65.5
K Gowtham,,Right Hand,Right-Arm Offbreak,Unknown,,39.0,36-40,Bowler,84,60,86,84,75,75.85
K Khejroliya,,Right Hand,Left-Arm Fast-Medium,Unknown,,39.0,36-40,Bowler,84,57,88,73,66,73.4
K Paul,,Right Hand,Right-Arm Fast-Medium,Unknown,,39.0,36-40,Bowler,84,40,95,89,66,72.3
K Rabada,,Left Hand,Right-Arm Fast,Unknown,,39.0,36-40,Bowler,84,49,82,76,83,69.8
K Santokie,1984-12-20,Left Hand,Left-Arm Medium,West Indies,,41.0,40+,Bowler,92,60,76,68,79,70.95
K Upadhyay,1986-06-18,Right Hand,Right-Arm Medium,India,,39.0,36-40,Bowler,84,63,76,72,76,71.65
Ka Pollard,1987-05-12,Right Hand,Right-Arm Medium-Fast,West Indies,,38.0,36-40,All-Rounder,80,82,83,86,85,82.9
Kaj Roach,1988-06-30,Right Hand,Right-Arm Fast,West Indies,,37.0,36-40,All-Rounder,76,76,80,85,67,78.3
Kamran Akmal,1982-01-13,Right Hand,Unknown,Pakistan,,43.0,40+,Wicket Keeper,100,84,23,93,77,65.25
Kamran Khan,1991-03-10,Left Hand,Left-Arm Medium-Fast,India,,34.0,31-35,Bowler,64,60,88,88,85,75.65
Karanveer Singh,1987-11-08,Right Hand,Legbreak Googly,India,,38.0,36-40,All-Rounder,80,75,85,86,71,80.45
Kb Arun Karthik,1986-02-15,Right Hand,Legbreak Googly,India,,39.0,36-40,Bowler,84,54,78,73,60,68.55
Kc Cariappa,1994-04-13,Right Hand,Legbreak,India,,31.0,31-35,Bowler,52,56,80,89,85,70.4
Kc Sangakkara,1977-10-27,Left Hand,Right-Arm Offbreak,Sri Lanka,,48.0,40+,Bowler,100,56,92,77,64,76.55
Kd Karthik,1985-06-01,Right Hand,Unknown,India,,40.0,36-40,Wicket Keeper,88,74,34,91,77,64.1
Kh Devdhar,1989-12-14,Right Hand,Unknown,India,,36.0,36-40,Wicket Keeper,72,72,32,91,90,61.75
Kh Pandya,1991-03-24,Left Hand,Slow Left-Arm Orthodox,India,,34.0,31-35,All-Rounder,64,86,69,90,78,78.05
Kj Abbott,1987-06-18,Right Hand,Right-Arm Fast-Medium,South Africa,,38.0,36-40,Bowler,80,36,79,66,61,61.2
Kk Cooper,1989-02-16,Right Hand,Right-Arm Medium,West Indies,,36.0,36-40,All-Rounder,72,73,88,72,85,78.6
Kk Nair,1991-12-06,Right Hand,Right-Arm Offbreak,India,,34.0,31-35,All-Rounder,64,65,77,78,90,72.3
Kl Rahul,1992-04-18,Right Hand,Unknown,India,,33.0,31-35,Wicket Keeper,60,71,15,93,87,54.4
Km Asif,,Right Hand,Right-Arm Medium,Unknown,,39.0,36-40,All-Rounder,84,88,85,87,70,85.5
Km Jadhav,1985-03-26,Right Hand,Right-Arm Offbreak,India,,40.0,36-40,Bowler,88,45,83,89,67,70.3
Kmdn Kulasekara,1982-07-22,Right Hand,Right-Arm Fast-Medium,Sri Lanka,,43.0,40+,Bowler,100,61,78,68,81,72.9
Kp Appanna,1988-12-20,Right Hand,Slow Left-Arm Orthodox,India,,37.0,36-40,Bowler,76,48,80,64,74,65.7
Kp Pietersen,1980-06-27,Right Hand,Right-Arm Offbreak,South Africa,,45.0,40+,All-Rounder,100,75,65,94,64,76.3
Ks Williamson,1990-08-08,Right Hand,Right-Arm Offbreak,New Zealand,,35.0,31-35,Bowler,68,43,96,67,87,69.85
Kuldeep Yadav,1994-12-14,Left Hand,Slow Left-Arm Chinaman,India,,31.0,31-35,Bowler,52,33,91,89,92,66.55
Kv Sharma,1987-10-23,Left Hand,Legbreak Googly,India,,38.0,36-40,Bowler,80,62,95,82,63,78.4
Kw Richardson,1991-02-12,Right Hand,Right-Arm Fast-Medium,Australia,,34.0,31-35,All-Rounder,64,87,72,75,88,77.7
L Ablish,1982-12-03,Right Hand,Right-Arm Medium-Fast,India,,43.0,40+,Bowler,100,61,86,75,85,76.95
L Balaji,1981-09-27,Right Hand,Right-Arm Medium-Fast,India,,44.0,40+,Bowler,100,37,83,75,78,67.15
L Ferguson,,Right Hand,Right-Arm Fast,Unknown,,39.0,36-40,Bowler,84,49,86,80,74,71.35
L Livingstone,,Right Hand,Right-Arm Offbreak,Unknown,,39.0,36-40,Bowler,84,60,89,69,75,74.65
L Ngidi,,Right Hand,Slow Left-Arm Orthodox,Unknown,,39.0,36-40,Bowler,84,33,75,78,76,61.7
L Plunkett,,Right Hand,Right-Arm Fast,Unknown,,39.0,36-40,All-Rounder,84,73,69,91,82,75.85
L Ronchi,1981-04-23,Right Hand,Right-Arm Fast,Australia,,44.0,40+,Bowler,100,44,81,70,71,67.8
La Carseldine,2075-11-17,Left Hand,Legbreak,Australia,,39.0,36-40,Bowler,84,41,81,73,72,65.65
La Pomersbach,1984-09-28,Left Hand,Right-Arm Medium,Australia,,41.0,40+,All-Rounder,92,82,87,91,70,85.5
Lh Ferguson,,Right Hand,Right-Arm Fast-Medium,Unknown,,39.0,36-40,Bowler,84,46,89,69,70,69.5
Lj Wright,1985-03-07,Right Hand,Right-Arm Medium-Fast,England,,40.0,36-40,All-Rounder,88,73,72,81,85,75.95
Lmp Simmons,1985-01-25,Right Hand,Right-Arm Medium-Fast,West Indies,,40.0,36-40,Bowler,88,52,86,82,79,73.35
Lpc Silva,1979-12-14,Right Hand,Legbreak,Sri Lanka,,46.0,40+,Bowler,100,60,93,60,79,76.5
Lr Shukla,1981-05-06,Right Hand,Right-Arm Medium,India,,44.0,40+,Bowler,100,48,83,60,74,68.55
Lrpl Taylor,1984-03-08,Right Hand,Right-Arm Offbreak,New Zealand,,41.0,40+,Bowler,92,58,87,86,75,76.6
M Ali,,Left Hand,Right-Arm Offbreak,Unknown,,39.0,36-40,Bowler,84,58,82,62,65,69.95
M Ashwin,1990-09-08,Right Hand,Legbreak Googly,India,,35.0,31-35,Bowler,68,57,78,68,80,68.25
M De Lange,1990-10-13,Right Hand,Right-Arm Fast,South Africa,,35.0,31-35,All-Rounder,68,74,87,81,84,79.5
M Kaif,1980-12-01,Right Hand,Right-Arm Offbreak,India,,45.0,40+,All-Rounder,100,85,75,88,66,82.5
M Kartik,1976-09-11,Left Hand,Slow Left-Arm Orthodox,India,,49.0,40+,All-Rounder,100,79,72,90,85,80.6
M Klinger,1980-07-04,Right Hand,Unknown,Australia,,45.0,40+,Wicket Keeper,100,77,41,86,65,67.45
M Lomror,,Left Hand,Slow Left-Arm Orthodox,Unknown,,39.0,36-40,Bowler,84,61,79,73,69,71.8
M Manhas,1979-10-12,Right Hand,Right-Arm Offbreak,India,,46.0,40+,Bowler,100,59,75,85,65,72.9
M Markande,,Right Hand,Legbreak Googly,Unknown,,39.0,36-40,Bowler,84,50,80,61,73,66.7
M Morkel,1984-10-06,Left Hand,Right-Arm Fast,South Africa,,41.0,40+,Bowler,92,40,77,86,85,67.3
M Muralitharan,2072-04-17,Right Hand,Right-Arm Offbreak,Sri Lanka,,39.0,36-40,Bowler,84,33,82,73,66,62.9
M Ntini,1977-07-06,Right Hand,Right-Arm Fast,South Africa,,48.0,40+,Bowler,100,36,75,65,82,62.7
M Rawat,1985-10-25,Right Hand,Unknown,India,,40.0,36-40,Wicket Keeper,88,85,18,82,82,61.25
M Santner,,Left Hand,Slow Left-Arm Orthodox,Unknown,,39.0,36-40,All-Rounder,84,66,80,79,83,75.5
M Ur Rahman,,Right Hand,Right-Arm Offbreak,Unknown,,39.0,36-40,All-Rounder,84,70,65,79,76,71.3
M Vijay,1984-04-01,Right Hand,Right-Arm Offbreak,India,,41.0,40+,Bowler,92,56,80,63,63,69.4
M Vohra,1993-07-18,Right Hand,Right-Arm Medium,India,,32.0,31-35,Bowler,56,31,89,77,91,63.7
M Wood,,Right Hand,Right-Arm Fast,Unknown,,39.0,36-40,Bowler,84,37,87,63,81,65.3
Ma Agarwal,1991-02-16,Right Hand,Unknown,India,,34.0,31-35,Wicket Keeper,64,92,20,95,73,63.5
Ma Khote,1980-04-22,Right Hand,Right-Arm Medium,India,,45.0,40+,Bowler,100,35,78,74,75,64.4
Ma Starc,1990-01-30,Left Hand,Left-Arm Fast,Australia,,35.0,31-35,Bowler,68,46,76,61,82,62.75
Mandeep Singh,1991-12-18,Right Hand,Right-Arm Medium,India,,34.0,31-35,Bowler,64,53,82,79,77,69.35
Mashrafe Mortaza,1983-10-05,Right Hand,Right-Arm Fast-Medium,Bangladesh,,42.0,40+,All-Rounder,96,87,90,94,85,89.9
Mb Parmar,1988-04-12,Right Hand,Right-Arm Offbreak,India,,37.0,36-40,Bowler,76,49,92,86,73,73.5
Mc Henriques,1987-02-01,Right Hand,Right-Arm Fast-Medium,Australia,,38.0,36-40,Bowler,80,40,93,76,84,70.15
Mc Juneja,1990-09-12,Right Hand,Right-Arm Offbreak,India,,35.0,31-35,Bowler,68,55,92,82,82,74.65
Md Mishra,1984-02-09,Right Hand,Right-Arm Offbreak,India,,41.0,40+,Bowler,92,61,78,64,84,71.65
Mdkj Perera,1990-08-17,Left Hand,Unknown,Sri Lanka,,35.0,31-35,Wicket Keeper,68,71,45,98,89,66.55
Mek Hussey,2075-05-27,Left Hand,Right-Arm Medium,Australia,,39.0,36-40,Bowler,84,42,84,86,77,69.25
Mf Maharoof,1984-09-07,Right Hand,Right-Arm Fast-Medium,India,,41.0,40+,Bowler,92,44,77,78,85,67.5
Mg Johnson,1981-11-02,Left Hand,Left-Arm Fast,Australia,,44.0,40+,Bowler,100,53,91,88,82,77.7
Mg Neser,1990-03-29,Right Hand,Right-Arm Medium,Australia,,35.0,31-35,Bowler,68,34,95,84,78,68.45
Misbah-Ul-Haq,2074-05-28,Right Hand,Legbreak,Pakistan,,39.0,36-40,Bowler,84,57,78,75,66,70.2
Mj Clarke,1981-04-02,Right Hand,Slow Left-Arm Orthodox,Australia,,44.0,40+,Bowler,100,65,75,80,83,75.15
Mj Guptill,1986-09-30,Right Hand,Right-Arm Offbreak,New Zealand,,39.0,36-40,Bowler,84,34,94,64,65,66.05
Mj Henry,,Right Hand,Right-Arm Fast,Unknown,,39.0,36-40,Bowler,84,32,86,78,61,64.45
Mj Lumb,1980-02-12,Left Hand,Right-Arm Medium,England,,45.0,40+,Bowler,100,44,81,71,80,68.4
Mj Mcclenaghan,1986-06-11,Left Hand,Left-Arm Fast-Medium,New Zealand,,39.0,36-40,Bowler,84,34,95,80,81,69.6
Mk Pandey,1989-09-10,Right Hand,Right-Arm Medium,India,,36.0,36-40,All-Rounder,72,72,86,90,84,80.2
Mk Tiwary,1985-11-14,Right Hand,Legbreak Googly,India,,40.0,36-40,Bowler,88,39,87,82,75,68.95
Ml Hayden,2071-10-29,Left Hand,Right-Arm Medium,Australia,,39.0,36-40,Bowler,84,64,95,79,73,79.55
Mm Patel,1983-07-12,Right Hand,Right-Arm Medium-Fast,India,,42.0,40+,Bowler,96,40,95,80,61,71.9
Mm Sharma,1988-09-18,Right Hand,Right-Arm Medium,India,,37.0,36-40,All-Rounder,76,66,70,78,67,70.25
Mn Samuels,1981-02-05,Right Hand,Right-Arm Offbreak,West Indies,,44.0,40+,Bowler,100,60,89,61,67,74.65
Mn Van Wyk,1979-03-20,Right Hand,Slow Left-Arm Orthodox,South Africa,,46.0,40+,Bowler,100,51,95,68,66,74.6
Mohammad Ashraful,1984-07-07,Right Hand,Right-Arm Offbreak,Bangladesh,,41.0,40+,Bowler,92,60,92,63,77,75.7
Mohammad Asif,1982-12-20,Left Hand,Right-Arm Fast-Medium,Pakistan,,43.0,40+,Bowler,100,39,94,81,83,72.85
Mohammad Hafeez,1980-10-17,Right Hand,Right-Arm Offbreak,Pakistan,,45.0,40+,All-Rounder,100,75,71,71,62,74.85
Mohammad Nabi,,Right Hand,Right-Arm Offbreak,Unknown,,39.0,36-40,Bowler,84,49,89,60,60,68.7
Mohammed Shami,1990-09-03,Right Hand,Right-Arm Fast-Medium,India,,35.0,31-35,Bowler,68,49,92,64,81,69.8
Mohammed Siraj,,Right Hand,Right-Arm Fast,Unknown,,39.0,36-40,Bowler,84,45,76,77,85,66.55
Mp Stoinis,1989-08-16,Right Hand,Right-Arm Medium,Australia,,36.0,36-40,All-Rounder,72,84,68,86,84,77.5
Mr Marsh,1991-10-20,Right Hand,Right-Arm Medium,Australia,,34.0,31-35,Bowler,64,52,96,81,89,74.8
Ms Bisla,1984-12-27,Right Hand,Unknown,India,,41.0,40+,Wicket Keeper,92,89,20,95,64,64.8
Ms Dhoni,1981-07-07,Right Hand,Right-Arm Medium,India,,44.0,40+,Bowler,100,50,77,79,67,69.65
Ms Gony,1984-01-04,Right Hand,Right-Arm Medium,India,,41.0,40+,Bowler,92,51,80,60,77,67.9
Ms Wade,1987-12-26,Left Hand,Right-Arm Medium,Australia,,38.0,36-40,Bowler,80,44,85,73,70,67.6
Mustafizur Rahman,1995-09-06,Left Hand,Left-Arm Fast-Medium,Bangladesh,,30.0,26-30,All-Rounder,48,80,83,93,87,80.15
Mv Boucher,1976-12-03,Right Hand,Right-Arm Medium,South Africa,,49.0,40+,Bowler,100,50,77,87,67,70.85
N Naik,,Right Hand,Unknown,Unknown,,39.0,36-40,Wicket Keeper,84,72,41,93,71,65.45
N Pooran,,Left Hand,Unknown,Unknown,,39.0,36-40,Wicket Keeper,84,89,27,88,67,65.55
N Rana,1993-12-27,Left Hand,Right-Arm Offbreak,India,,32.0,31-35,Bowler,56,61,76,89,86,71.2
N Saini,1988-10-28,Right Hand,Right-Arm Fast,India,,37.0,36-40,Bowler,76,34,86,88,70,66.3
Nb Singh,,Right Hand,Right-Arm Fast,Unknown,,39.0,36-40,Bowler,84,62,95,90,85,81.1
Nd Doshi,1978-10-06,Right Hand,Slow Left-Arm Orthodox,India,,47.0,40+,Bowler,100,62,77,90,69,75.6
Niraj Patel,,Left Hand,Unknown,Unknown,,39.0,36-40,Wicket Keeper,84,82,39,94,77,68.7
Nj Maddinson,1991-12-21,Left Hand,Slow Left-Arm Orthodox,Australia,,34.0,31-35,Bowler,64,45,84,81,72,67.3
Nj Rimmington,1982-11-11,Right Hand,Right-Arm Fast-Medium,Australia,,43.0,40+,Bowler,100,35,77,83,69,65.1
Nk Patel,1981-03-26,Left Hand,Unknown,India,,44.0,40+,Wicket Keeper,100,83,19,97,75,64.0
Nl Mccullum,1980-09-01,Right Hand,Right-Arm Offbreak,New Zealand,,45.0,40+,Bowler,100,37,86,66,78,66.85
Nltc Perera,1989-04-03,Left Hand,Right-Arm Medium-Fast,Sri Lanka,,36.0,36-40,Bowler,72,40,89,90,89,70.3
Nm Coulter-Nile,1987-10-11,Right Hand,Right-Arm Fast,Australia,,38.0,36-40,All-Rounder,80,80,83,81,70,80.7
Ns Naik,1994-11-09,Right Hand,Unknown,India,,31.0,31-35,Wicket Keeper,52,75,31,96,83,60.85
Nv Ojha,1983-07-20,Right Hand,Unknown,India,,42.0,40+,Wicket Keeper,96,83,24,85,60,62.8
O Thomas,,Right Hand,Right-Arm Fast,Unknown,,39.0,36-40,Bowler,84,42,81,82,72,67.35
Oa Shah,1978-10-22,Right Hand,Right-Arm Offbreak,England,,47.0,40+,Bowler,100,42,83,67,65,67.05
P Amarnath,1982-06-01,Right Hand,Right-Arm Medium,India,,43.0,40+,Bowler,100,30,82,80,63,64.35
P Awana,1986-07-19,Right Hand,Right-Arm Medium,India,,39.0,36-40,Bowler,84,37,96,72,79,69.7
P Chopra,,Right Hand,Unknown,Unknown,,39.0,36-40,Wicket Keeper,84,72,33,81,84,61.5
P Dharmani,2074-09-27,Right Hand,Unknown,India,,39.0,36-40,Wicket Keeper,84,90,25,97,69,66.65
P Dogra,1984-11-19,Right Hand,Legbreak,India,,41.0,40+,Bowler,92,49,77,62,64,65.8
P Krishna,,Right Hand,Right-Arm Fast,Unknown,,39.0,36-40,Bowler,84,34,78,63,76,60.85
P Kumar,1986-10-02,Right Hand,Right-Arm Medium,India,,39.0,36-40,Bowler,84,57,96,77,77,77.35
P Negi,1993-01-06,Left Hand,Slow Left-Arm Orthodox,India,,32.0,31-35,Bowler,56,48,88,88,94,71.1
P Parameswaran,1985-05-30,Right Hand,Left-Arm Medium,India,,40.0,36-40,All-Rounder,88,70,87,74,76,78.65
P Prasanth,1985-05-22,Left Hand,Slow Left-Arm Orthodox,India,,40.0,36-40,Bowler,88,50,89,70,73,71.6
P R Barman,,Right Hand,Legbreak,Unknown,,39.0,36-40,All-Rounder,84,68,70,73,84,71.85
P Raj,,Right Hand,Left-Arm Medium,Unknown,,39.0,36-40,Bowler,84,57,76,63,80,68.4
P Sahu,1985-08-21,Right Hand,Legbreak Googly,India,,40.0,36-40,All-Rounder,88,72,88,91,68,81.85
P Shaw,,Right Hand,Unknown,Unknown,,39.0,36-40,Wicket Keeper,84,86,16,81,65,59.5
P Suyal,1989-10-15,Right Hand,Left-Arm Medium,India,,36.0,36-40,Bowler,72,65,80,62,82,71.35
Pa Patel,1985-03-09,Left Hand,Unknown,India,,40.0,36-40,Wicket Keeper,88,70,30,93,77,61.6
Pa Reddy,1991-02-11,Right Hand,Legbreak,India,,34.0,31-35,All-Rounder,64,82,71,76,86,75.65
Pankaj Singh,1985-05-06,Right Hand,Right-Arm Medium-Fast,India,,40.0,36-40,All-Rounder,88,81,69,90,63,77.95
Parvez Rasool,1989-02-13,Right Hand,Right-Arm Offbreak,India,,36.0,36-40,Bowler,72,61,79,65,80,69.95
Pc Valthaty,1983-12-07,Right Hand,Right-Arm Medium,India,,42.0,40+,Bowler,96,30,86,82,67,65.85
Pd Collingwood,1976-05-26,Right Hand,Right-Arm Medium,England,,49.0,40+,Bowler,100,40,85,71,61,67.45
Pj Cummins,1993-05-08,Right Hand,Right-Arm Fast,Australia,,32.0,31-35,All-Rounder,56,83,68,74,87,73.9
Pj Sangwan,1990-11-05,Right Hand,Left-Arm Medium,India,,35.0,31-35,Bowler,68,40,76,71,84,62.25
Pm Sarvesh Kumar,1989-04-26,Right Hand,Right-Arm Medium,India,,36.0,36-40,All-Rounder,72,73,67,93,84,74.35
Pp Chawla,1988-12-24,Left Hand,Legbreak,India,,37.0,36-40,All-Rounder,76,85,88,78,71,83.4
Pp Ojha,1986-09-05,Left Hand,Slow Left-Arm Orthodox,India,,39.0,36-40,Bowler,84,63,96,78,75,79.5
Pr Shah,1987-11-03,Right Hand,Unknown,India,,38.0,36-40,Wicket Keeper,80,72,34,92,75,62.65
Psp Handscomb,1991-04-26,Right Hand,Unknown,Australia,,34.0,31-35,Wicket Keeper,64,89,12,91,90,59.9
Pv Tambe,2071-10-08,Right Hand,Legbreak,India,,39.0,36-40,All-Rounder,84,81,82,77,65,80.25
Q De Kock,1992-12-17,Left Hand,Unknown,South Africa,,33.0,31-35,Wicket Keeper,60,86,36,94,89,67.25
R Ashwin,1986-09-17,Right Hand,Right-Arm Offbreak,India,,39.0,36-40,All-Rounder,84,83,85,93,71,84.7
R Bhatia,1979-10-22,Right Hand,Right-Arm Medium-Fast,India,,46.0,40+,Bowler,100,59,93,85,85,80.2
R Bhui,,Right Hand,Unknown,Unknown,,39.0,36-40,Wicket Keeper,84,92,16,84,61,61.85
R Bishnoi,1987-10-08,Right Hand,Right-Arm Medium-Fast,India,,38.0,36-40,Bowler,80,64,82,83,62,74.65
R Dhawan,1990-02-19,Right Hand,Right-Arm Medium-Fast,India,,35.0,31-35,Bowler,68,45,90,80,78,69.95
R Dravid,2073-01-11,Right Hand,Right-Arm Offbreak,India,,39.0,36-40,All-Rounder,84,78,70,87,85,77.5
R Mclaren,1983-02-09,Left Hand,Right-Arm Medium-Fast,South Africa,,42.0,40+,All-Rounder,96,78,84,71,70,80.45
R Ninan,1985-11-19,Right Hand,Right-Arm Offbreak,India,,40.0,36-40,Bowler,88,65,75,60,78,70.7
R Parag,,Right Hand,Legbreak,Unknown,,39.0,36-40,Bowler,84,32,95,79,81,68.75
R Rampaul,1984-10-15,Left Hand,Right-Arm Fast-Medium,West Indies,,41.0,40+,Bowler,92,49,89,71,62,71.25
R Salam,,Right Hand,Right-Arm Fast,Unknown,,39.0,36-40,Bowler,84,46,88,68,84,69.7
R Sathish,1981-01-14,Right Hand,Right-Arm Medium,India,,44.0,40+,Bowler,100,40,84,86,77,70.15
R Sharma,1987-04-30,Right Hand,Right-Arm Offbreak,India,,38.0,36-40,Bowler,80,31,82,78,76,63.05
R Shukla,1990-08-28,Right Hand,Right-Arm Medium,India,,35.0,31-35,Bowler,68,36,84,79,88,65.05
R Singh,,Right Hand,Unknown,Unknown,,39.0,36-40,Wicket Keeper,84,80,29,83,68,62.4
R Tewatia,1993-05-20,Left Hand,Legbreak,India,,32.0,31-35,Bowler,56,36,89,78,95,65.8
R Vinay Kumar,1984-02-12,Right Hand,Right-Arm Medium,India,,41.0,40+,All-Rounder,92,80,87,70,69,81.6
Ra Jadeja,1988-12-06,Left Hand,Slow Left-Arm Orthodox,India,,37.0,36-40,Bowler,76,37,91,78,66,67.4
Ra Shaikh,1985-06-12,Left Hand,Left-Arm Medium,India,,40.0,36-40,All-Rounder,88,70,87,86,77,80.5
Ra Tripathi,,Right Hand,Right-Arm Medium,Unknown,,39.0,36-40,Bowler,84,62,92,85,68,78.45
Rashid Khan,,Right Hand,Legbreak Googly,Unknown,,39.0,36-40,Bowler,84,54,91,70,65,72.9
Rd Chahar,,Right Hand,Legbreak Googly,Unknown,,39.0,36-40,Bowler,84,45,81,90,78,69.9
Re Levi,1988-01-14,Right Hand,Right-Arm Medium,South Africa,,37.0,36-40,All-Rounder,76,76,87,73,81,79.65
Re Van Der Merwe,1984-12-31,Right Hand,Slow Left-Arm Orthodox,South Africa,,41.0,40+,Bowler,92,37,91,76,68,68.8
Rg More,1992-02-02,Right Hand,Right-Arm Medium,India,,33.0,31-35,Bowler,60,35,94,79,72,66.6
Rg Sharma,1987-04-30,Right Hand,Right-Arm Offbreak,India,,38.0,36-40,Bowler,80,37,94,83,78,70.2
Rj Harris,1979-10-11,Right Hand,Right-Arm Fast,Australia,,46.0,40+,Bowler,100,61,89,72,71,76.85
Rj Peterson,1979-08-04,Left Hand,Slow Left-Arm Orthodox,South Africa,,46.0,40+,Bowler,100,56,94,88,85,79.95
Rj Quiney,1982-08-20,Left Hand,Right-Arm Medium,Australia,,43.0,40+,All-Rounder,100,79,70,73,70,76.6
Rn Ten Doeschate,1980-06-30,Right Hand,Right-Arm Medium-Fast,Netherlands,,45.0,40+,Bowler,100,50,78,61,83,68.1
Rp Singh,1985-12-06,Right Hand,Left-Arm Fast-Medium,India,,40.0,36-40,Bowler,88,31,95,67,77,66.8
Rr Bhatkal,1985-09-01,Right Hand,Right-Arm Medium,India,,40.0,36-40,Bowler,88,56,87,61,72,71.6
Rr Bose,1979-02-27,Right Hand,Right-Arm Fast-Medium,India,,46.0,40+,All-Rounder,100,87,89,74,68,86.1
Rr Pant,1997-10-04,Left Hand,Unknown,India,,28.0,26-30,Wicket Keeper,40,70,12,95,88,51.35
Rr Powar,1978-05-20,Right Hand,Right-Arm Offbreak,India,,47.0,40+,All-Rounder,100,84,86,90,85,87.25
Rr Raje,1986-09-03,Right Hand,Right-Arm Fast-Medium,India,,39.0,36-40,Bowler,84,35,90,72,75,66.7
Rr Rossouw,1989-10-09,Left Hand,Right-Arm Offbreak,South Africa,,36.0,36-40,Bowler,72,51,96,90,81,76.2
Rr Sarwan,1980-06-23,Right Hand,Legbreak,West Indies,,45.0,40+,Bowler,100,63,82,63,74,73.9
Rs Bopara,1985-05-04,Right Hand,Right-Arm Medium,England,,40.0,36-40,All-Rounder,88,83,72,78,65,78.0
Rs Gavaskar,1976-02-20,Left Hand,Slow Left-Arm Orthodox,India,,49.0,40+,Bowler,100,48,81,77,73,70.35
Rs Sodhi,1980-10-18,Right Hand,Right-Arm Medium,India,,45.0,40+,Bowler,100,38,96,71,70,71.05
Rt Ponting,2074-12-19,Right Hand,Right-Arm Medium,Australia,,39.0,36-40,Bowler,84,36,92,74,62,67.4
Rv Gomez,1985-10-16,Right Hand,Right-Arm Medium,India,,40.0,36-40,All-Rounder,88,65,83,83,67,76.4
Rv Pawar,1979-09-06,Left Hand,Slow Left-Arm Orthodox,India,,46.0,40+,Bowler,100,45,92,90,72,75.05
Rv Uthappa,1985-11-11,Right Hand,Right-Arm Medium,India,,40.0,36-40,Bowler,88,31,79,65,74,60.75
Rw Price,1976-06-12,Right Hand,Slow Left-Arm Orthodox,Zimbabwea,,49.0,40+,Bowler,100,60,84,85,60,76.15
S Anirudha,1987-04-14,Right Hand,Unknown,India,,38.0,36-40,Wicket Keeper,80,73,19,96,71,58.15
S Aravind,1984-04-08,Left Hand,Left-Arm Medium-Fast,India,,41.0,40+,Bowler,92,61,83,87,71,76.2
S Badree,1981-03-09,Right Hand,Legbreak,West Indies,,44.0,40+,Bowler,100,42,82,62,71,66.25
S Badrinath,1980-08-30,Right Hand,Right-Arm Offbreak,India,,45.0,40+,Bowler,100,40,93,64,60,69.15
S Chanderpaul,2074-08-16,Left Hand,Legbreak,West Indies,,39.0,36-40,Bowler,84,45,83,65,66,66.25
S Curran,,Left Hand,Left-Arm Medium-Fast,Unknown,,39.0,36-40,Bowler,84,32,93,73,68,66.5
S Dhawan,1985-12-05,Left Hand,Right-Arm Offbreak,India,,40.0,36-40,All-Rounder,88,80,76,82,84,79.9
S Dube,,Left Hand,Right-Arm Fast-Medium,Unknown,,39.0,36-40,Bowler,84,37,76,65,71,61.25
S Gill,,Right Hand,Unknown,Unknown,,39.0,36-40,Wicket Keeper,84,74,13,89,85,56.45
S Gopal,1993-09-04,Right Hand,Legbreak,India,,32.0,31-35,Bowler,56,61,90,66,86,72.65
S Hetmyer,,Left Hand,Unknown,Unknown,,39.0,36-40,Wicket Keeper,84,82,19,91,80,61.4
S Kaul,1990-05-19,Right Hand,Right-Arm Medium,India,,35.0,31-35,Bowler,68,48,78,73,86,66.15
S Kaushik,1995-09-07,Right Hand,Slow Left-Arm Chinaman,India,,30.0,26-30,All-Rounder,48,67,78,91,88,73.6
S Kuggeleijn,,Right Hand,Right-Arm Fast,Unknown,,39.0,36-40,Bowler,84,30,94,67,81,65.9
S Ladda,1986-07-10,Right Hand,Legbreak,India,,39.0,36-40,All-Rounder,84,65,88,83,77,78.25
S Lamichhane,,Right Hand,Legbreak Googly,Unknown,,39.0,36-40,Bowler,84,39,76,83,61,64.15
S Mavi,,Right Hand,Right-Arm Fast-Medium,Unknown,,39.0,36-40,Bowler,84,61,89,88,63,77.25
S Midhun,,Unknown,Legbreak,Unknown,,39.0,36-40,Bowler,84,35,75,89,65,63.5
S Nadeem,1989-08-12,Right Hand,Slow Left-Arm Orthodox,India,,36.0,36-40,Bowler,72,48,79,89,89,69.45
S Narwal,1982-04-16,Left Hand,Right-Arm Medium,India,,43.0,40+,Bowler,100,57,93,88,82,79.8
S Rana,1984-09-18,Right Hand,Right-Arm Medium-Fast,India,,41.0,40+,Bowler,92,61,77,75,61,71.8
S Randiv,1985-01-30,Right Hand,Right-Arm Offbreak,Sri Lanka,,40.0,36-40,All-Rounder,88,74,71,73,77,74.35
S Rutherford,,Left Hand,Right-Arm Fast-Medium,Unknown,,39.0,36-40,All-Rounder,84,72,73,89,68,75.9
S Sharma,,Right Hand,Right-Arm Fast-Medium,Unknown,,39.0,36-40,Bowler,84,34,95,88,73,70.4
S Singh,,Right Hand,Unknown,Unknown,,39.0,36-40,Wicket Keeper,84,73,41,91,80,65.95
S Sohal,1987-11-10,Right Hand,Legbreak,India,,38.0,36-40,Bowler,80,43,87,87,70,70.05
S Sreesanth,1983-02-06,Right Hand,Right-Arm Fast-Medium,India,,42.0,40+,Bowler,96,57,79,70,85,71.95
S Sriram,1976-02-21,Left Hand,Slow Left-Arm Orthodox,India,,49.0,40+,Bowler,100,43,77,73,71,66.5
S Tyagi,1987-09-17,Right Hand,Right-Arm Medium,India,,38.0,36-40,All-Rounder,80,68,89,85,78,79.6
S Vidyut,1981-12-03,Left Hand,Slow Left-Arm Orthodox,India,,44.0,40+,Bowler,100,56,87,81,77,76.05
S Warrier,,Right Hand,Right-Arm Fast-Medium,Unknown,,39.0,36-40,Bowler,84,62,83,85,70,75.4
Sa Abbott,1992-02-29,Right Hand,Right-Arm Fast-Medium,New Zealand,,33.0,31-35,Bowler,60,44,82,80,79,66.05
Sa Asnodkar,1984-03-29,Right Hand,Right-Arm Offbreak,India,,41.0,40+,Bowler,92,41,85,90,80,70.8
Sa Yadav,1990-09-14,Right Hand,Right-Arm Offbreak,India,,35.0,31-35,All-Rounder,68,81,79,70,74,77.0
Sachin Baby,1988-12-18,Left Hand,Right-Arm Offbreak,India,,37.0,36-40,Bowler,76,36,82,71,64,62.75
Salman Butt,1984-10-07,Left Hand,Right-Arm Offbreak,Pakistan,,41.0,40+,All-Rounder,92,70,66,75,62,71.15
Sandeep Sharma,1993-05-18,Right Hand,Right-Arm Medium,India,,32.0,31-35,Bowler,56,54,93,86,87,74.3
Sb Bangar,2072-10-11,Right Hand,Right-Arm Medium-Fast,India,,39.0,36-40,All-Rounder,84,79,89,71,84,82.05
Sb Jakati,1980-11-27,Left Hand,Slow Left-Arm Orthodox,India,,45.0,40+,Bowler,100,43,95,90,61,74.85
Sb Joshi,2070-06-06,Left Hand,Slow Left-Arm Orthodox,India,,39.0,36-40,Bowler,84,63,75,80,73,72.35
Sb Styris,2075-07-10,Right Hand,Right-Arm Medium,New Zealand,,39.0,36-40,Bowler,84,42,83,71,85,67.05
Sb Wagh,1988-10-09,Left Hand,Left-Arm Medium-Fast,India,,37.0,36-40,Bowler,76,37,83,72,66,63.7
Sc Ganguly,2072-07-08,Left Hand,Right-Arm Medium,India,,39.0,36-40,Bowler,84,32,92,88,80,69.0
Sd Chitnis,1987-05-06,Right Hand,Right-Arm Offbreak,India,,38.0,36-40,Bowler,80,46,84,70,82,68.1
Sd Lad,,Right Hand,Unknown,Unknown,,39.0,36-40,Wicket Keeper,84,70,10,85,70,52.65
Se Bond,2075-06-07,Right Hand,Right-Arm Fast,New Zealand,,39.0,36-40,Bowler,84,50,90,70,64,71.1
Se Marsh,1983-07-09,Left Hand,Slow Left-Arm Orthodox,Australia,,42.0,40+,Bowler,96,52,83,87,63,73.05
Shahid Afridi,1980-03-01,Right Hand,Legbreak Googly,Pakistan,,45.0,40+,Bowler,100,36,93,67,70,68.7
Shakib Al Hasan,1987-03-24,Left Hand,Slow Left-Arm Orthodox,Bangladesh,,38.0,36-40,Bowler,80,43,92,77,62,69.9
Shivam Sharma,1993-09-09,Right Hand,Right-Arm Offbreak,India,,32.0,31-35,All-Rounder,56,68,78,85,87,73.8
Shoaib Ahmed,1990-08-17,Right Hand,Right-Arm Fast-Medium,Pakistan,,35.0,31-35,Bowler,68,65,75,64,76,69.2
Shoaib Akhtar,2075-08-13,Right Hand,Right-Arm Fast,Pakistan,,39.0,36-40,Bowler,84,61,80,89,69,74.55
Shoaib Malik,1982-02-01,Right Hand,Right-Arm Offbreak,Pakistan,,43.0,40+,Bowler,100,51,89,69,67,72.7
Sj Srivastava,1981-09-22,Right Hand,Left-Arm Fast-Medium,India,,44.0,40+,Bowler,100,50,90,80,63,74.15
Sk Raina,1986-11-27,Left Hand,Right-Arm Offbreak,India,,39.0,36-40,Bowler,84,49,75,76,84,67.4
Sk Trivedi,1982-09-04,Right Hand,Right-Arm Medium,India,,43.0,40+,All-Rounder,100,74,87,85,82,83.2
Sk Warne,2069-09-13,Right Hand,Legbreak Googly,Australia,,39.0,36-40,Bowler,84,44,92,74,61,70.15
Sl Malinga,1983-08-28,Right Hand,Right-Arm Fast,Sri Lanka,,42.0,40+,Bowler,96,52,91,68,85,74.1
Sm Boland,1989-04-11,Right Hand,Right-Arm Fast-Medium,Australia,,36.0,36-40,Bowler,72,54,93,66,90,73.05
Sm Harwood,2074-03-01,Right Hand,Right-Arm Fast-Medium,Australia,,39.0,36-40,Bowler,84,49,86,60,61,67.7
Sm Katich,2075-08-21,Left Hand,Slow Left-Arm Chinaman,Australia,,39.0,36-40,Bowler,84,54,75,67,69,67.05
Sm Pollock,2073-07-16,Right Hand,Right-Arm Fast-Medium,South Africa,,39.0,36-40,All-Rounder,84,84,78,70,78,79.5
Smsm Senanayake,1985-02-09,Right Hand,Right-Arm Offbreak,Sri Lanka,,40.0,36-40,All-Rounder,88,88,79,86,85,84.4
Sn Khan,1997-10-27,Right Hand,Legbreak,India,,28.0,26-30,Bowler,40,62,90,81,88,73.75
Sn Thakur,1991-10-16,Right Hand,Right-Arm Medium,India,,34.0,31-35,Bowler,64,44,87,80,78,68.15
Sohail Tanvir,1984-12-12,Left Hand,Left-Arm Medium-Fast,Pakistan,,41.0,40+,Bowler,92,57,86,82,82,75.65
Sp Fleming,2073-04-01,Left Hand,Unknown,New Zealand,,39.0,36-40,Wicket Keeper,84,85,16,80,83,59.9
Sp Goswami,1989-05-18,Left Hand,Unknown,India,,36.0,36-40,Wicket Keeper,72,89,11,91,89,60.3
Sp Jackson,,Right Hand,Unknown,Unknown,,39.0,36-40,Wicket Keeper,84,85,11,82,67,57.65
Sp Narine,1988-05-26,Left Hand,Right-Arm Offbreak,West Indies,,37.0,36-40,Bowler,76,65,89,86,64,77.6
Spd Smith,1989-06-02,Right Hand,Legbreak Googly,India,,36.0,36-40,Bowler,72,35,85,84,81,65.85
Sr Tendulkar,2073-04-24,Right Hand,Right-Arm Offbreak,India,,39.0,36-40,All-Rounder,84,79,67,90,84,77.2
Sr Watson,1981-06-17,Right Hand,Right-Arm Fast-Medium,Australia,,44.0,40+,Bowler,100,36,76,89,63,65.7
Ss Agarwal,,Right Hand,Legbreak Googly,Unknown,,39.0,36-40,All-Rounder,84,88,80,93,70,84.65
Ss Iyer,1994-12-06,Right Hand,Legbreak Googly,India,,31.0,31-35,Bowler,52,30,76,71,85,57.2
Ss Mundhe,1988-10-27,Right Hand,Right-Arm Medium,India,,37.0,36-40,Bowler,76,42,94,74,63,69.45
Ss Sarkar,1984-12-15,Right Hand,Right-Arm Medium,India,,41.0,40+,Bowler,92,31,79,61,64,60.05
Ss Shaikh,1987-01-18,Right Hand,Right-Arm Medium,India,,38.0,36-40,All-Rounder,80,78,89,73,70,80.9
Ss Tiwary,1989-12-30,Left Hand,Unknown,India,,36.0,36-40,Wicket Keeper,72,82,45,92,81,69.5
St Jayasuriya,2069-06-30,Left Hand,Slow Left-Arm Orthodox,Sri Lanka,,39.0,36-40,All-Rounder,84,75,87,84,72,81.3
Str Binny,1984-06-03,Right Hand,Right-Arm Medium,India,,41.0,40+,Bowler,92,45,86,60,78,67.95
Sunny Gupta,1988-09-27,Right Hand,Right-Arm Offbreak,India,,37.0,36-40,Bowler,76,62,89,87,66,76.8
Sunny Singh,1986-12-18,Right Hand,Right-Arm Medium-Fast,India,,39.0,36-40,Bowler,84,45,93,86,71,73.15
Sv Samson,1994-11-11,Right Hand,Unknown,India,,31.0,31-35,Wicket Keeper,52,75,23,92,81,57.35
Sw Billings,1991-06-15,Right Hand,Unknown,England,,34.0,31-35,Wicket Keeper,64,88,35,80,72,65.05
Sw Tait,1983-02-22,Right Hand,Right-Arm Fast,Australia,,42.0,40+,Bowler,96,47,76,68,65,66.1
Swapnil Singh,1991-01-22,Right Hand,Slow Left-Arm Orthodox,India,,34.0,31-35,All-Rounder,64,84,86,78,75,81.35
T Curran,,Right Hand,Right-Arm Fast-Medium,Unknown,,39.0,36-40,Bowler,84,48,89,82,80,72.65
T Henderson,2074-08-01,Right Hand,Right-Arm Fast-Medium,South Africa,,39.0,36-40,Bowler,84,52,87,61,69,69.65
T Kohli,1988-12-17,Right Hand,Right-Arm Medium,India,,37.0,36-40,Bowler,76,30,83,66,63,60.2
T Mishra,1986-12-22,Right Hand,Right-Arm Fast-Medium,India,,39.0,36-40,Bowler,84,63,81,66,73,72.35
T Natarajan,,Left Hand,Left-Arm Fast-Medium,Unknown,,39.0,36-40,Bowler,84,42,82,85,70,68.05
T Shamsi,1990-02-18,Right Hand,Slow Left-Arm Chinaman,South Africa,,35.0,31-35,Bowler,68,35,81,90,74,64.6
T Taibu,1983-05-14,Right Hand,Right-Arm Medium,Zimbabwea,,42.0,40+,Bowler,96,65,89,74,71,78.15
T Thushara,1981-03-01,Left Hand,Left-Arm Fast-Medium,Sri Lanka,,44.0,40+,Bowler,100,31,92,62,60,65.35
Ta Boult,1989-07-22,Right Hand,Left-Arm Fast-Medium,New Zealand,,36.0,36-40,Bowler,72,50,85,71,85,69.35
Td Paine,1984-12-08,Right Hand,Right-Arm Medium,Australia,,41.0,40+,Bowler,92,54,82,63,76,70.05
Tejas Baroka,,Unknown,Legbreak Googly,Unknown,,39.0,36-40,All-Rounder,84,70,69,86,79,73.9
Tg Southee,1988-12-11,Right Hand,Right-Arm Medium-Fast,New Zealand,,37.0,36-40,Bowler,76,61,75,65,82,69.05
Tl Suman,1983-12-15,Right Hand,Right-Arm Offbreak,India,,42.0,40+,Bowler,96,48,84,88,70,72.5
Tm Dilshan,1976-10-14,Right Hand,Right-Arm Offbreak,Sri Lanka,,49.0,40+,All-Rounder,100,71,78,80,85,78.4
Tm Head,1993-12-29,Left Hand,Right-Arm Offbreak,Australia,,32.0,31-35,Bowler,56,46,90,65,90,67.45
Tm Srivastava,1989-11-07,Left Hand,Right-Arm Medium,India,,36.0,36-40,Bowler,72,47,78,79,90,67.3
Tp Sudhindra,1984-04-24,Left Hand,Right-Arm Fast,India,,41.0,40+,All-Rounder,92,69,86,78,65,78.4
Tr Birt,1981-12-09,Left Hand,Right-Arm Medium,Australia,,44.0,40+,Bowler,100,32,78,64,77,61.95
Ts Mills,,Right Hand,Left-Arm Fast,Unknown,,39.0,36-40,Bowler,84,55,85,73,82,72.45
U Kaul,1987-12-02,Left Hand,Unknown,India,,38.0,36-40,Wicket Keeper,80,77,19,97,80,60.15
Ua Birla,1989-11-17,Right Hand,Right-Arm Medium,India,,36.0,36-40,All-Rounder,72,75,78,75,85,76.25
Ubt Chand,1993-03-26,Right Hand,Right-Arm Offbreak,India,,32.0,31-35,Bowler,56,41,88,87,88,68.2
Umar Gul,1984-04-14,Right Hand,Right-Arm Fast-Medium,Pakistan,,41.0,40+,Bowler,92,62,91,88,74,79.65
Ut Khawaja,1986-12-18,Left Hand,Right-Arm Medium,Australia,,39.0,36-40,Bowler,84,41,94,85,63,71.55
Ut Yadav,1987-10-25,Right Hand,Right-Arm Fast-Medium,India,,38.0,36-40,Bowler,80,39,89,81,74,68.65
V Chakravarthy,,Right Hand,Legbreak,Unknown,,39.0,36-40,All-Rounder,84,82,83,80,64,81.35
V Kohli,1988-11-05,Right Hand,Right-Arm Medium,India,,37.0,36-40,Bowler,76,61,85,84,72,74.9
V Pratap Singh,1992-05-03,Right Hand,Right-Arm Medium,India,,33.0,31-35,All-Rounder,60,83,68,84,74,75.15
V Sehwag,1978-10-20,Right Hand,Right-Arm Offbreak,India,,47.0,40+,Bowler,100,36,89,77,73,68.95
V Shankar,1991-01-26,Right Hand,Right-Arm Medium,India,,34.0,31-35,All-Rounder,64,70,78,88,78,75.3
Vh Zol,1994-11-23,Left Hand,Right-Arm Offbreak,India,,31.0,31-35,Bowler,52,52,78,89,92,68.65
Vishnu Vinod,,Right Hand,Unknown,Unknown,,39.0,36-40,Wicket Keeper,84,90,27,86,84,66.45
Vr Aaron,1989-10-29,Right Hand,Right-Arm Fast,India,,36.0,36-40,Bowler,72,40,92,80,82,69.5
Vrv Singh,1984-09-17,Right Hand,Right-Arm Medium-Fast,India,,41.0,40+,Bowler,92,37,91,66,68,67.3
Vs Malik,1983-05-09,Right Hand,Right-Arm Medium,India,,42.0,40+,All-Rounder,96,83,69,73,71,77.3
Vs Yeligati,1985-04-23,Right Hand,Right-Arm Offbreak,India,,40.0,36-40,Bowler,88,58,95,65,77,75.95
Vvs Laxman,2074-11-01,Right Hand,Right-Arm Offbreak,India,,39.0,36-40,All-Rounder,84,79,88,81,84,83.2
Vy Mahesh,1987-12-21,Right Hand,Right-Arm Medium-Fast,India,,38.0,36-40,Bowler,80,53,75,84,81,69.45
W Jaffer,1978-02-16,Right Hand,Right-Arm Offbreak,India,,47.0,40+,Bowler,100,45,77,64,62,65.4
Wa Mota,1981-09-20,Right Hand,Right-Arm Medium,India,,44.0,40+,Bowler,100,40,96,72,62,71.5
Washington Sundar,,Left Hand,Right-Arm Offbreak,Unknown,,39.0,36-40,Bowler,84,39,81,83,78,66.75
Wd Parnell,1989-07-30,Left Hand,Left-Arm Medium-Fast,South Africa,,36.0,36-40,Bowler,72,37,83,87,77,66.1
Wp Saha,1984-10-24,Right Hand,Unknown,India,,41.0,40+,Wicket Keeper,92,87,45,97,62,73.05
Wpujc Vaas,2074-01-27,Left Hand,Left-Arm Fast-Medium,Sri Lanka,,39.0,36-40,Bowler,84,52,96,82,63,75.65
X Thalaivan Sargunam,1985-05-15,Right Hand,Right-Arm Offbreak,India,,40.0,36-40,All-Rounder,88,72,86,74,73,78.85
Y Gnaneswara Rao,1984-08-25,Right Hand,Right-Arm Medium,India,,41.0,40+,All-Rounder,92,83,77,83,73,81.3
Y Nagar,1990-01-06,Right Hand,Right-Arm Offbreak,India,,35.0,31-35,Bowler,68,35,77,83,77,62.3
Y Venugopal Rao,1982-02-26,Right Hand,Right-Arm Offbreak,India,,43.0,40+,All-Rounder,100,77,73,93,68,79.85
Ya Abdulla,1983-01-17,Left Hand,Left-Arm Fast-Medium,India,,42.0,40+,Bowler,96,59,91,72,80,76.9
Yashpal Singh,1981-11-27,Right Hand,Right-Arm Medium,India,,44.0,40+,All-Rounder,100,74,77,70,79,77.3
Yk Pathan,1982-11-17,Right Hand,Right-Arm Offbreak,India,,43.0,40+,Bowler,100,51,89,90,74,76.2
Younis Khan,1977-11-29,Right Hand,Right-Arm Medium,Pakistan,,48.0,40+,Bowler,100,63,95,85,69,81.5
Ys Chahal,1990-07-23,Right Hand,Legbreak Googly,India,,35.0,31-35,All-Rounder,68,68,78,75,74,72.85
Yuvraj Singh,1981-12-12,Left Hand,Slow Left-Arm Orthodox,India,,44.0,40+,All-Rounder,100,84,66,89,72,79.45
Yv Takawale,1984-11-05,Right Hand,Unknown,India,,41.0,40+,Wicket Keeper,92,89,11,95,72,62.05
Z Khan,1978-10-07,Right Hand,Left-Arm Fast-Medium,India,,47.0,40+,Bowler,100,64,81,61,79,73.85
